"","Job","University","Freq"
"1","4A Games","",0.015625
"2","Agralp","",0
"3","Akvelon","",0
"4","Alpha Bank","",0
"5","Appko","",0
"6","Ciklum","",0
"7","Cogniance","",0
"8","EPAM","",0
"9","Freelancer","",0
"10","GlobalLogic","",0
"11","Indigo","",0
"12","Iteazer","",0
"13","Lesoft","",0
"14","LLC","",0
"15","Lohika","",0
"16","Luxoft","",0
"17","Microsoft","",0
"18","Mirantis","",0
"19","MMCIS","",0
"20","NAS","",0
"21","NBU","",0
"22","NefteGaz","",0
"23","Oracle","",0
"24","Playtech","",0
"25","PRISM","",0
"26","Privat Bank","",0
"27","ProCredit Bank","",0
"28","Rvuzov","",0
"29","Samsung","",0
"30","SoftServe","",0
"31","Some","",0
"32","Taltek","",0
"33","Tartu","",0
"34","Terrasoft","",0
"35","Theorem","",0
"36","TNS","",0
"37","Ubisoft","",0
"38","Viasoft Ltd","",0
"39","Vlasov","",0
"40","WinInteractive","",0
"41","4A Games"," ",0
"42","Agralp"," ",0
"43","Akvelon"," ",0
"44","Alpha Bank"," ",0
"45","Appko"," ",0
"46","Ciklum"," ",0
"47","Cogniance"," ",0
"48","EPAM"," ",0
"49","Freelancer"," ",0
"50","GlobalLogic"," ",0
"51","Indigo"," ",0
"52","Iteazer"," ",0
"53","Lesoft"," ",0
"54","LLC"," ",0
"55","Lohika"," ",0
"56","Luxoft"," ",0
"57","Microsoft"," ",0
"58","Mirantis"," ",0.015625
"59","MMCIS"," ",0
"60","NAS"," ",0
"61","NBU"," ",0
"62","NefteGaz"," ",0
"63","Oracle"," ",0
"64","Playtech"," ",0
"65","PRISM"," ",0
"66","Privat Bank"," ",0
"67","ProCredit Bank"," ",0
"68","Rvuzov"," ",0
"69","Samsung"," ",0
"70","SoftServe"," ",0
"71","Some"," ",0
"72","Taltek"," ",0
"73","Tartu"," ",0
"74","Terrasoft"," ",0
"75","Theorem"," ",0
"76","TNS"," ",0
"77","Ubisoft"," ",0
"78","Viasoft Ltd"," ",0
"79","Vlasov"," ",0
"80","WinInteractive"," ",0
"81","4A Games"," College of Information Systems and Technologies",0
"82","Agralp"," College of Information Systems and Technologies",0
"83","Akvelon"," College of Information Systems and Technologies",0
"84","Alpha Bank"," College of Information Systems and Technologies",0
"85","Appko"," College of Information Systems and Technologies",0.015625
"86","Ciklum"," College of Information Systems and Technologies",0
"87","Cogniance"," College of Information Systems and Technologies",0
"88","EPAM"," College of Information Systems and Technologies",0
"89","Freelancer"," College of Information Systems and Technologies",0
"90","GlobalLogic"," College of Information Systems and Technologies",0
"91","Indigo"," College of Information Systems and Technologies",0
"92","Iteazer"," College of Information Systems and Technologies",0
"93","Lesoft"," College of Information Systems and Technologies",0
"94","LLC"," College of Information Systems and Technologies",0
"95","Lohika"," College of Information Systems and Technologies",0
"96","Luxoft"," College of Information Systems and Technologies",0
"97","Microsoft"," College of Information Systems and Technologies",0
"98","Mirantis"," College of Information Systems and Technologies",0
"99","MMCIS"," College of Information Systems and Technologies",0
"100","NAS"," College of Information Systems and Technologies",0
"101","NBU"," College of Information Systems and Technologies",0
"102","NefteGaz"," College of Information Systems and Technologies",0
"103","Oracle"," College of Information Systems and Technologies",0
"104","Playtech"," College of Information Systems and Technologies",0
"105","PRISM"," College of Information Systems and Technologies",0
"106","Privat Bank"," College of Information Systems and Technologies",0
"107","ProCredit Bank"," College of Information Systems and Technologies",0
"108","Rvuzov"," College of Information Systems and Technologies",0
"109","Samsung"," College of Information Systems and Technologies",0
"110","SoftServe"," College of Information Systems and Technologies",0
"111","Some"," College of Information Systems and Technologies",0
"112","Taltek"," College of Information Systems and Technologies",0
"113","Tartu"," College of Information Systems and Technologies",0
"114","Terrasoft"," College of Information Systems and Technologies",0
"115","Theorem"," College of Information Systems and Technologies",0
"116","TNS"," College of Information Systems and Technologies",0
"117","Ubisoft"," College of Information Systems and Technologies",0
"118","Viasoft Ltd"," College of Information Systems and Technologies",0
"119","Vlasov"," College of Information Systems and Technologies",0
"120","WinInteractive"," College of Information Systems and Technologies",0
"121","4A Games"," Dnipropetrovsk State University",0
"122","Agralp"," Dnipropetrovsk State University",0
"123","Akvelon"," Dnipropetrovsk State University",0
"124","Alpha Bank"," Dnipropetrovsk State University",0
"125","Appko"," Dnipropetrovsk State University",0
"126","Ciklum"," Dnipropetrovsk State University",0.015625
"127","Cogniance"," Dnipropetrovsk State University",0
"128","EPAM"," Dnipropetrovsk State University",0
"129","Freelancer"," Dnipropetrovsk State University",0
"130","GlobalLogic"," Dnipropetrovsk State University",0.015625
"131","Indigo"," Dnipropetrovsk State University",0
"132","Iteazer"," Dnipropetrovsk State University",0
"133","Lesoft"," Dnipropetrovsk State University",0
"134","LLC"," Dnipropetrovsk State University",0
"135","Lohika"," Dnipropetrovsk State University",0
"136","Luxoft"," Dnipropetrovsk State University",0
"137","Microsoft"," Dnipropetrovsk State University",0
"138","Mirantis"," Dnipropetrovsk State University",0
"139","MMCIS"," Dnipropetrovsk State University",0
"140","NAS"," Dnipropetrovsk State University",0
"141","NBU"," Dnipropetrovsk State University",0
"142","NefteGaz"," Dnipropetrovsk State University",0
"143","Oracle"," Dnipropetrovsk State University",0
"144","Playtech"," Dnipropetrovsk State University",0
"145","PRISM"," Dnipropetrovsk State University",0
"146","Privat Bank"," Dnipropetrovsk State University",0
"147","ProCredit Bank"," Dnipropetrovsk State University",0
"148","Rvuzov"," Dnipropetrovsk State University",0
"149","Samsung"," Dnipropetrovsk State University",0
"150","SoftServe"," Dnipropetrovsk State University",0
"151","Some"," Dnipropetrovsk State University",0
"152","Taltek"," Dnipropetrovsk State University",0
"153","Tartu"," Dnipropetrovsk State University",0
"154","Terrasoft"," Dnipropetrovsk State University",0
"155","Theorem"," Dnipropetrovsk State University",0
"156","TNS"," Dnipropetrovsk State University",0
"157","Ubisoft"," Dnipropetrovsk State University",0
"158","Viasoft Ltd"," Dnipropetrovsk State University",0
"159","Vlasov"," Dnipropetrovsk State University",0
"160","WinInteractive"," Dnipropetrovsk State University",0
"161","4A Games"," Dnipropetrovsk Techical University",0
"162","Agralp"," Dnipropetrovsk Techical University",0
"163","Akvelon"," Dnipropetrovsk Techical University",0
"164","Alpha Bank"," Dnipropetrovsk Techical University",0
"165","Appko"," Dnipropetrovsk Techical University",0
"166","Ciklum"," Dnipropetrovsk Techical University",0
"167","Cogniance"," Dnipropetrovsk Techical University",0
"168","EPAM"," Dnipropetrovsk Techical University",0
"169","Freelancer"," Dnipropetrovsk Techical University",0
"170","GlobalLogic"," Dnipropetrovsk Techical University",0
"171","Indigo"," Dnipropetrovsk Techical University",0
"172","Iteazer"," Dnipropetrovsk Techical University",0
"173","Lesoft"," Dnipropetrovsk Techical University",0
"174","LLC"," Dnipropetrovsk Techical University",0
"175","Lohika"," Dnipropetrovsk Techical University",0
"176","Luxoft"," Dnipropetrovsk Techical University",0.015625
"177","Microsoft"," Dnipropetrovsk Techical University",0
"178","Mirantis"," Dnipropetrovsk Techical University",0
"179","MMCIS"," Dnipropetrovsk Techical University",0
"180","NAS"," Dnipropetrovsk Techical University",0
"181","NBU"," Dnipropetrovsk Techical University",0
"182","NefteGaz"," Dnipropetrovsk Techical University",0
"183","Oracle"," Dnipropetrovsk Techical University",0
"184","Playtech"," Dnipropetrovsk Techical University",0
"185","PRISM"," Dnipropetrovsk Techical University",0
"186","Privat Bank"," Dnipropetrovsk Techical University",0
"187","ProCredit Bank"," Dnipropetrovsk Techical University",0
"188","Rvuzov"," Dnipropetrovsk Techical University",0
"189","Samsung"," Dnipropetrovsk Techical University",0
"190","SoftServe"," Dnipropetrovsk Techical University",0
"191","Some"," Dnipropetrovsk Techical University",0
"192","Taltek"," Dnipropetrovsk Techical University",0
"193","Tartu"," Dnipropetrovsk Techical University",0
"194","Terrasoft"," Dnipropetrovsk Techical University",0
"195","Theorem"," Dnipropetrovsk Techical University",0
"196","TNS"," Dnipropetrovsk Techical University",0
"197","Ubisoft"," Dnipropetrovsk Techical University",0
"198","Viasoft Ltd"," Dnipropetrovsk Techical University",0
"199","Vlasov"," Dnipropetrovsk Techical University",0
"200","WinInteractive"," Dnipropetrovsk Techical University",0
"201","4A Games"," DNU CS",0
"202","Agralp"," DNU CS",0
"203","Akvelon"," DNU CS",0
"204","Alpha Bank"," DNU CS",0
"205","Appko"," DNU CS",0
"206","Ciklum"," DNU CS",0
"207","Cogniance"," DNU CS",0.015625
"208","EPAM"," DNU CS",0
"209","Freelancer"," DNU CS",0
"210","GlobalLogic"," DNU CS",0
"211","Indigo"," DNU CS",0
"212","Iteazer"," DNU CS",0
"213","Lesoft"," DNU CS",0
"214","LLC"," DNU CS",0
"215","Lohika"," DNU CS",0
"216","Luxoft"," DNU CS",0
"217","Microsoft"," DNU CS",0
"218","Mirantis"," DNU CS",0
"219","MMCIS"," DNU CS",0
"220","NAS"," DNU CS",0
"221","NBU"," DNU CS",0
"222","NefteGaz"," DNU CS",0
"223","Oracle"," DNU CS",0
"224","Playtech"," DNU CS",0
"225","PRISM"," DNU CS",0
"226","Privat Bank"," DNU CS",0
"227","ProCredit Bank"," DNU CS",0
"228","Rvuzov"," DNU CS",0
"229","Samsung"," DNU CS",0
"230","SoftServe"," DNU CS",0
"231","Some"," DNU CS",0
"232","Taltek"," DNU CS",0
"233","Tartu"," DNU CS",0
"234","Terrasoft"," DNU CS",0
"235","Theorem"," DNU CS",0
"236","TNS"," DNU CS",0
"237","Ubisoft"," DNU CS",0
"238","Viasoft Ltd"," DNU CS",0
"239","Vlasov"," DNU CS",0
"240","WinInteractive"," DNU CS",0
"241","4A Games"," Donetsk University",0
"242","Agralp"," Donetsk University",0
"243","Akvelon"," Donetsk University",0
"244","Alpha Bank"," Donetsk University",0
"245","Appko"," Donetsk University",0
"246","Ciklum"," Donetsk University",0
"247","Cogniance"," Donetsk University",0
"248","EPAM"," Donetsk University",0
"249","Freelancer"," Donetsk University",0
"250","GlobalLogic"," Donetsk University",0
"251","Indigo"," Donetsk University",0
"252","Iteazer"," Donetsk University",0
"253","Lesoft"," Donetsk University",0
"254","LLC"," Donetsk University",0
"255","Lohika"," Donetsk University",0
"256","Luxoft"," Donetsk University",0
"257","Microsoft"," Donetsk University",0
"258","Mirantis"," Donetsk University",0
"259","MMCIS"," Donetsk University",0.015625
"260","NAS"," Donetsk University",0
"261","NBU"," Donetsk University",0
"262","NefteGaz"," Donetsk University",0
"263","Oracle"," Donetsk University",0
"264","Playtech"," Donetsk University",0
"265","PRISM"," Donetsk University",0
"266","Privat Bank"," Donetsk University",0
"267","ProCredit Bank"," Donetsk University",0
"268","Rvuzov"," Donetsk University",0
"269","Samsung"," Donetsk University",0
"270","SoftServe"," Donetsk University",0
"271","Some"," Donetsk University",0
"272","Taltek"," Donetsk University",0
"273","Tartu"," Donetsk University",0
"274","Terrasoft"," Donetsk University",0
"275","Theorem"," Donetsk University",0
"276","TNS"," Donetsk University",0
"277","Ubisoft"," Donetsk University",0.015625
"278","Viasoft Ltd"," Donetsk University",0
"279","Vlasov"," Donetsk University",0
"280","WinInteractive"," Donetsk University",0
"281","4A Games"," Dripropetrovsk State University",0
"282","Agralp"," Dripropetrovsk State University",0
"283","Akvelon"," Dripropetrovsk State University",0
"284","Alpha Bank"," Dripropetrovsk State University",0
"285","Appko"," Dripropetrovsk State University",0
"286","Ciklum"," Dripropetrovsk State University",0
"287","Cogniance"," Dripropetrovsk State University",0
"288","EPAM"," Dripropetrovsk State University",0
"289","Freelancer"," Dripropetrovsk State University",0
"290","GlobalLogic"," Dripropetrovsk State University",0
"291","Indigo"," Dripropetrovsk State University",0
"292","Iteazer"," Dripropetrovsk State University",0
"293","Lesoft"," Dripropetrovsk State University",0
"294","LLC"," Dripropetrovsk State University",0
"295","Lohika"," Dripropetrovsk State University",0
"296","Luxoft"," Dripropetrovsk State University",0
"297","Microsoft"," Dripropetrovsk State University",0
"298","Mirantis"," Dripropetrovsk State University",0
"299","MMCIS"," Dripropetrovsk State University",0
"300","NAS"," Dripropetrovsk State University",0
"301","NBU"," Dripropetrovsk State University",0
"302","NefteGaz"," Dripropetrovsk State University",0
"303","Oracle"," Dripropetrovsk State University",0
"304","Playtech"," Dripropetrovsk State University",0
"305","PRISM"," Dripropetrovsk State University",0
"306","Privat Bank"," Dripropetrovsk State University",0.015625
"307","ProCredit Bank"," Dripropetrovsk State University",0
"308","Rvuzov"," Dripropetrovsk State University",0
"309","Samsung"," Dripropetrovsk State University",0
"310","SoftServe"," Dripropetrovsk State University",0
"311","Some"," Dripropetrovsk State University",0
"312","Taltek"," Dripropetrovsk State University",0
"313","Tartu"," Dripropetrovsk State University",0
"314","Terrasoft"," Dripropetrovsk State University",0
"315","Theorem"," Dripropetrovsk State University",0
"316","TNS"," Dripropetrovsk State University",0
"317","Ubisoft"," Dripropetrovsk State University",0
"318","Viasoft Ltd"," Dripropetrovsk State University",0
"319","Vlasov"," Dripropetrovsk State University",0
"320","WinInteractive"," Dripropetrovsk State University",0
"321","4A Games"," High School 10 Dnepropetrovsk",0
"322","Agralp"," High School 10 Dnepropetrovsk",0
"323","Akvelon"," High School 10 Dnepropetrovsk",0
"324","Alpha Bank"," High School 10 Dnepropetrovsk",0
"325","Appko"," High School 10 Dnepropetrovsk",0
"326","Ciklum"," High School 10 Dnepropetrovsk",0
"327","Cogniance"," High School 10 Dnepropetrovsk",0
"328","EPAM"," High School 10 Dnepropetrovsk",0
"329","Freelancer"," High School 10 Dnepropetrovsk",0
"330","GlobalLogic"," High School 10 Dnepropetrovsk",0.015625
"331","Indigo"," High School 10 Dnepropetrovsk",0
"332","Iteazer"," High School 10 Dnepropetrovsk",0
"333","Lesoft"," High School 10 Dnepropetrovsk",0
"334","LLC"," High School 10 Dnepropetrovsk",0
"335","Lohika"," High School 10 Dnepropetrovsk",0
"336","Luxoft"," High School 10 Dnepropetrovsk",0
"337","Microsoft"," High School 10 Dnepropetrovsk",0
"338","Mirantis"," High School 10 Dnepropetrovsk",0
"339","MMCIS"," High School 10 Dnepropetrovsk",0
"340","NAS"," High School 10 Dnepropetrovsk",0
"341","NBU"," High School 10 Dnepropetrovsk",0
"342","NefteGaz"," High School 10 Dnepropetrovsk",0
"343","Oracle"," High School 10 Dnepropetrovsk",0
"344","Playtech"," High School 10 Dnepropetrovsk",0
"345","PRISM"," High School 10 Dnepropetrovsk",0
"346","Privat Bank"," High School 10 Dnepropetrovsk",0
"347","ProCredit Bank"," High School 10 Dnepropetrovsk",0
"348","Rvuzov"," High School 10 Dnepropetrovsk",0
"349","Samsung"," High School 10 Dnepropetrovsk",0
"350","SoftServe"," High School 10 Dnepropetrovsk",0
"351","Some"," High School 10 Dnepropetrovsk",0
"352","Taltek"," High School 10 Dnepropetrovsk",0
"353","Tartu"," High School 10 Dnepropetrovsk",0
"354","Terrasoft"," High School 10 Dnepropetrovsk",0
"355","Theorem"," High School 10 Dnepropetrovsk",0
"356","TNS"," High School 10 Dnepropetrovsk",0
"357","Ubisoft"," High School 10 Dnepropetrovsk",0
"358","Viasoft Ltd"," High School 10 Dnepropetrovsk",0
"359","Vlasov"," High School 10 Dnepropetrovsk",0
"360","WinInteractive"," High School 10 Dnepropetrovsk",0
"361","4A Games"," Institude for Nuclear Research",0
"362","Agralp"," Institude for Nuclear Research",0
"363","Akvelon"," Institude for Nuclear Research",0
"364","Alpha Bank"," Institude for Nuclear Research",0.015625
"365","Appko"," Institude for Nuclear Research",0
"366","Ciklum"," Institude for Nuclear Research",0
"367","Cogniance"," Institude for Nuclear Research",0
"368","EPAM"," Institude for Nuclear Research",0
"369","Freelancer"," Institude for Nuclear Research",0
"370","GlobalLogic"," Institude for Nuclear Research",0
"371","Indigo"," Institude for Nuclear Research",0
"372","Iteazer"," Institude for Nuclear Research",0
"373","Lesoft"," Institude for Nuclear Research",0
"374","LLC"," Institude for Nuclear Research",0
"375","Lohika"," Institude for Nuclear Research",0
"376","Luxoft"," Institude for Nuclear Research",0
"377","Microsoft"," Institude for Nuclear Research",0
"378","Mirantis"," Institude for Nuclear Research",0
"379","MMCIS"," Institude for Nuclear Research",0
"380","NAS"," Institude for Nuclear Research",0
"381","NBU"," Institude for Nuclear Research",0
"382","NefteGaz"," Institude for Nuclear Research",0
"383","Oracle"," Institude for Nuclear Research",0
"384","Playtech"," Institude for Nuclear Research",0
"385","PRISM"," Institude for Nuclear Research",0
"386","Privat Bank"," Institude for Nuclear Research",0
"387","ProCredit Bank"," Institude for Nuclear Research",0
"388","Rvuzov"," Institude for Nuclear Research",0
"389","Samsung"," Institude for Nuclear Research",0
"390","SoftServe"," Institude for Nuclear Research",0
"391","Some"," Institude for Nuclear Research",0
"392","Taltek"," Institude for Nuclear Research",0
"393","Tartu"," Institude for Nuclear Research",0
"394","Terrasoft"," Institude for Nuclear Research",0
"395","Theorem"," Institude for Nuclear Research",0
"396","TNS"," Institude for Nuclear Research",0
"397","Ubisoft"," Institude for Nuclear Research",0
"398","Viasoft Ltd"," Institude for Nuclear Research",0
"399","Vlasov"," Institude for Nuclear Research",0
"400","WinInteractive"," Institude for Nuclear Research",0
"401","4A Games"," Institute for Nuclear Research",0
"402","Agralp"," Institute for Nuclear Research",0
"403","Akvelon"," Institute for Nuclear Research",0
"404","Alpha Bank"," Institute for Nuclear Research",0.015625
"405","Appko"," Institute for Nuclear Research",0
"406","Ciklum"," Institute for Nuclear Research",0
"407","Cogniance"," Institute for Nuclear Research",0
"408","EPAM"," Institute for Nuclear Research",0
"409","Freelancer"," Institute for Nuclear Research",0
"410","GlobalLogic"," Institute for Nuclear Research",0
"411","Indigo"," Institute for Nuclear Research",0
"412","Iteazer"," Institute for Nuclear Research",0
"413","Lesoft"," Institute for Nuclear Research",0
"414","LLC"," Institute for Nuclear Research",0
"415","Lohika"," Institute for Nuclear Research",0
"416","Luxoft"," Institute for Nuclear Research",0
"417","Microsoft"," Institute for Nuclear Research",0
"418","Mirantis"," Institute for Nuclear Research",0
"419","MMCIS"," Institute for Nuclear Research",0
"420","NAS"," Institute for Nuclear Research",0
"421","NBU"," Institute for Nuclear Research",0
"422","NefteGaz"," Institute for Nuclear Research",0
"423","Oracle"," Institute for Nuclear Research",0
"424","Playtech"," Institute for Nuclear Research",0
"425","PRISM"," Institute for Nuclear Research",0
"426","Privat Bank"," Institute for Nuclear Research",0
"427","ProCredit Bank"," Institute for Nuclear Research",0
"428","Rvuzov"," Institute for Nuclear Research",0
"429","Samsung"," Institute for Nuclear Research",0
"430","SoftServe"," Institute for Nuclear Research",0
"431","Some"," Institute for Nuclear Research",0
"432","Taltek"," Institute for Nuclear Research",0
"433","Tartu"," Institute for Nuclear Research",0
"434","Terrasoft"," Institute for Nuclear Research",0
"435","Theorem"," Institute for Nuclear Research",0
"436","TNS"," Institute for Nuclear Research",0
"437","Ubisoft"," Institute for Nuclear Research",0
"438","Viasoft Ltd"," Institute for Nuclear Research",0
"439","Vlasov"," Institute for Nuclear Research",0
"440","WinInteractive"," Institute for Nuclear Research",0
"441","4A Games"," IT Academy Moscow",0
"442","Agralp"," IT Academy Moscow",0
"443","Akvelon"," IT Academy Moscow",0
"444","Alpha Bank"," IT Academy Moscow",0
"445","Appko"," IT Academy Moscow",0
"446","Ciklum"," IT Academy Moscow",0
"447","Cogniance"," IT Academy Moscow",0
"448","EPAM"," IT Academy Moscow",0
"449","Freelancer"," IT Academy Moscow",0
"450","GlobalLogic"," IT Academy Moscow",0
"451","Indigo"," IT Academy Moscow",0
"452","Iteazer"," IT Academy Moscow",0
"453","Lesoft"," IT Academy Moscow",0
"454","LLC"," IT Academy Moscow",0
"455","Lohika"," IT Academy Moscow",0
"456","Luxoft"," IT Academy Moscow",0
"457","Microsoft"," IT Academy Moscow",0
"458","Mirantis"," IT Academy Moscow",0
"459","MMCIS"," IT Academy Moscow",0
"460","NAS"," IT Academy Moscow",0
"461","NBU"," IT Academy Moscow",0
"462","NefteGaz"," IT Academy Moscow",0
"463","Oracle"," IT Academy Moscow",0.015625
"464","Playtech"," IT Academy Moscow",0
"465","PRISM"," IT Academy Moscow",0
"466","Privat Bank"," IT Academy Moscow",0
"467","ProCredit Bank"," IT Academy Moscow",0
"468","Rvuzov"," IT Academy Moscow",0
"469","Samsung"," IT Academy Moscow",0
"470","SoftServe"," IT Academy Moscow",0
"471","Some"," IT Academy Moscow",0
"472","Taltek"," IT Academy Moscow",0
"473","Tartu"," IT Academy Moscow",0
"474","Terrasoft"," IT Academy Moscow",0
"475","Theorem"," IT Academy Moscow",0
"476","TNS"," IT Academy Moscow",0
"477","Ubisoft"," IT Academy Moscow",0
"478","Viasoft Ltd"," IT Academy Moscow",0
"479","Vlasov"," IT Academy Moscow",0
"480","WinInteractive"," IT Academy Moscow",0
"481","4A Games"," Karaganda",0
"482","Agralp"," Karaganda",0
"483","Akvelon"," Karaganda",0
"484","Alpha Bank"," Karaganda",0
"485","Appko"," Karaganda",0
"486","Ciklum"," Karaganda",0
"487","Cogniance"," Karaganda",0
"488","EPAM"," Karaganda",0
"489","Freelancer"," Karaganda",0
"490","GlobalLogic"," Karaganda",0
"491","Indigo"," Karaganda",0
"492","Iteazer"," Karaganda",0
"493","Lesoft"," Karaganda",0
"494","LLC"," Karaganda",0
"495","Lohika"," Karaganda",0
"496","Luxoft"," Karaganda",0
"497","Microsoft"," Karaganda",0
"498","Mirantis"," Karaganda",0
"499","MMCIS"," Karaganda",0
"500","NAS"," Karaganda",0.015625
"501","NBU"," Karaganda",0
"502","NefteGaz"," Karaganda",0
"503","Oracle"," Karaganda",0
"504","Playtech"," Karaganda",0
"505","PRISM"," Karaganda",0
"506","Privat Bank"," Karaganda",0
"507","ProCredit Bank"," Karaganda",0
"508","Rvuzov"," Karaganda",0
"509","Samsung"," Karaganda",0
"510","SoftServe"," Karaganda",0
"511","Some"," Karaganda",0
"512","Taltek"," Karaganda",0
"513","Tartu"," Karaganda",0
"514","Terrasoft"," Karaganda",0
"515","Theorem"," Karaganda",0
"516","TNS"," Karaganda",0
"517","Ubisoft"," Karaganda",0
"518","Viasoft Ltd"," Karaganda",0
"519","Vlasov"," Karaganda",0
"520","WinInteractive"," Karaganda",0
"521","4A Games"," Kemerov University",0
"522","Agralp"," Kemerov University",0
"523","Akvelon"," Kemerov University",0
"524","Alpha Bank"," Kemerov University",0
"525","Appko"," Kemerov University",0
"526","Ciklum"," Kemerov University",0
"527","Cogniance"," Kemerov University",0
"528","EPAM"," Kemerov University",0
"529","Freelancer"," Kemerov University",0
"530","GlobalLogic"," Kemerov University",0
"531","Indigo"," Kemerov University",0
"532","Iteazer"," Kemerov University",0
"533","Lesoft"," Kemerov University",0
"534","LLC"," Kemerov University",0
"535","Lohika"," Kemerov University",0
"536","Luxoft"," Kemerov University",0
"537","Microsoft"," Kemerov University",0
"538","Mirantis"," Kemerov University",0
"539","MMCIS"," Kemerov University",0
"540","NAS"," Kemerov University",0
"541","NBU"," Kemerov University",0
"542","NefteGaz"," Kemerov University",0.015625
"543","Oracle"," Kemerov University",0
"544","Playtech"," Kemerov University",0
"545","PRISM"," Kemerov University",0
"546","Privat Bank"," Kemerov University",0
"547","ProCredit Bank"," Kemerov University",0
"548","Rvuzov"," Kemerov University",0
"549","Samsung"," Kemerov University",0
"550","SoftServe"," Kemerov University",0
"551","Some"," Kemerov University",0
"552","Taltek"," Kemerov University",0
"553","Tartu"," Kemerov University",0
"554","Terrasoft"," Kemerov University",0
"555","Theorem"," Kemerov University",0
"556","TNS"," Kemerov University",0
"557","Ubisoft"," Kemerov University",0
"558","Viasoft Ltd"," Kemerov University",0
"559","Vlasov"," Kemerov University",0
"560","WinInteractive"," Kemerov University",0
"561","4A Games"," Khmelnytsky NTU",0
"562","Agralp"," Khmelnytsky NTU",0
"563","Akvelon"," Khmelnytsky NTU",0
"564","Alpha Bank"," Khmelnytsky NTU",0
"565","Appko"," Khmelnytsky NTU",0
"566","Ciklum"," Khmelnytsky NTU",0
"567","Cogniance"," Khmelnytsky NTU",0
"568","EPAM"," Khmelnytsky NTU",0
"569","Freelancer"," Khmelnytsky NTU",0
"570","GlobalLogic"," Khmelnytsky NTU",0
"571","Indigo"," Khmelnytsky NTU",0
"572","Iteazer"," Khmelnytsky NTU",0
"573","Lesoft"," Khmelnytsky NTU",0
"574","LLC"," Khmelnytsky NTU",0
"575","Lohika"," Khmelnytsky NTU",0
"576","Luxoft"," Khmelnytsky NTU",0.015625
"577","Microsoft"," Khmelnytsky NTU",0
"578","Mirantis"," Khmelnytsky NTU",0
"579","MMCIS"," Khmelnytsky NTU",0
"580","NAS"," Khmelnytsky NTU",0
"581","NBU"," Khmelnytsky NTU",0
"582","NefteGaz"," Khmelnytsky NTU",0
"583","Oracle"," Khmelnytsky NTU",0
"584","Playtech"," Khmelnytsky NTU",0
"585","PRISM"," Khmelnytsky NTU",0
"586","Privat Bank"," Khmelnytsky NTU",0
"587","ProCredit Bank"," Khmelnytsky NTU",0
"588","Rvuzov"," Khmelnytsky NTU",0
"589","Samsung"," Khmelnytsky NTU",0
"590","SoftServe"," Khmelnytsky NTU",0
"591","Some"," Khmelnytsky NTU",0
"592","Taltek"," Khmelnytsky NTU",0
"593","Tartu"," Khmelnytsky NTU",0
"594","Terrasoft"," Khmelnytsky NTU",0
"595","Theorem"," Khmelnytsky NTU",0
"596","TNS"," Khmelnytsky NTU",0
"597","Ubisoft"," Khmelnytsky NTU",0
"598","Viasoft Ltd"," Khmelnytsky NTU",0
"599","Vlasov"," Khmelnytsky NTU",0
"600","WinInteractive"," Khmelnytsky NTU",0
"601","4A Games"," KhNU Karazina CS",0
"602","Agralp"," KhNU Karazina CS",0
"603","Akvelon"," KhNU Karazina CS",0.015625
"604","Alpha Bank"," KhNU Karazina CS",0
"605","Appko"," KhNU Karazina CS",0
"606","Ciklum"," KhNU Karazina CS",0
"607","Cogniance"," KhNU Karazina CS",0
"608","EPAM"," KhNU Karazina CS",0.015625
"609","Freelancer"," KhNU Karazina CS",0
"610","GlobalLogic"," KhNU Karazina CS",0
"611","Indigo"," KhNU Karazina CS",0
"612","Iteazer"," KhNU Karazina CS",0
"613","Lesoft"," KhNU Karazina CS",0
"614","LLC"," KhNU Karazina CS",0
"615","Lohika"," KhNU Karazina CS",0
"616","Luxoft"," KhNU Karazina CS",0
"617","Microsoft"," KhNU Karazina CS",0
"618","Mirantis"," KhNU Karazina CS",0
"619","MMCIS"," KhNU Karazina CS",0
"620","NAS"," KhNU Karazina CS",0
"621","NBU"," KhNU Karazina CS",0
"622","NefteGaz"," KhNU Karazina CS",0
"623","Oracle"," KhNU Karazina CS",0
"624","Playtech"," KhNU Karazina CS",0
"625","PRISM"," KhNU Karazina CS",0
"626","Privat Bank"," KhNU Karazina CS",0
"627","ProCredit Bank"," KhNU Karazina CS",0
"628","Rvuzov"," KhNU Karazina CS",0
"629","Samsung"," KhNU Karazina CS",0
"630","SoftServe"," KhNU Karazina CS",0
"631","Some"," KhNU Karazina CS",0
"632","Taltek"," KhNU Karazina CS",0
"633","Tartu"," KhNU Karazina CS",0
"634","Terrasoft"," KhNU Karazina CS",0
"635","Theorem"," KhNU Karazina CS",0
"636","TNS"," KhNU Karazina CS",0
"637","Ubisoft"," KhNU Karazina CS",0
"638","Viasoft Ltd"," KhNU Karazina CS",0
"639","Vlasov"," KhNU Karazina CS",0
"640","WinInteractive"," KhNU Karazina CS",0
"641","4A Games"," KNEU",0
"642","Agralp"," KNEU",0
"643","Akvelon"," KNEU",0
"644","Alpha Bank"," KNEU",0
"645","Appko"," KNEU",0
"646","Ciklum"," KNEU",0
"647","Cogniance"," KNEU",0
"648","EPAM"," KNEU",0
"649","Freelancer"," KNEU",0
"650","GlobalLogic"," KNEU",0
"651","Indigo"," KNEU",0
"652","Iteazer"," KNEU",0
"653","Lesoft"," KNEU",0
"654","LLC"," KNEU",0
"655","Lohika"," KNEU",0
"656","Luxoft"," KNEU",0
"657","Microsoft"," KNEU",0
"658","Mirantis"," KNEU",0
"659","MMCIS"," KNEU",0
"660","NAS"," KNEU",0
"661","NBU"," KNEU",0
"662","NefteGaz"," KNEU",0
"663","Oracle"," KNEU",0
"664","Playtech"," KNEU",0
"665","PRISM"," KNEU",0
"666","Privat Bank"," KNEU",0
"667","ProCredit Bank"," KNEU",0
"668","Rvuzov"," KNEU",0
"669","Samsung"," KNEU",0
"670","SoftServe"," KNEU",0
"671","Some"," KNEU",0
"672","Taltek"," KNEU",0
"673","Tartu"," KNEU",0
"674","Terrasoft"," KNEU",0.015625
"675","Theorem"," KNEU",0
"676","TNS"," KNEU",0
"677","Ubisoft"," KNEU",0
"678","Viasoft Ltd"," KNEU",0
"679","Vlasov"," KNEU",0
"680","WinInteractive"," KNEU",0
"681","4A Games"," KNU",0
"682","Agralp"," KNU",0
"683","Akvelon"," KNU",0
"684","Alpha Bank"," KNU",0
"685","Appko"," KNU",0
"686","Ciklum"," KNU",0
"687","Cogniance"," KNU",0
"688","EPAM"," KNU",0
"689","Freelancer"," KNU",0.015625
"690","GlobalLogic"," KNU",0
"691","Indigo"," KNU",0
"692","Iteazer"," KNU",0.015625
"693","Lesoft"," KNU",0
"694","LLC"," KNU",0.015625
"695","Lohika"," KNU",0
"696","Luxoft"," KNU",0
"697","Microsoft"," KNU",0.015625
"698","Mirantis"," KNU",0
"699","MMCIS"," KNU",0
"700","NAS"," KNU",0
"701","NBU"," KNU",0
"702","NefteGaz"," KNU",0
"703","Oracle"," KNU",0
"704","Playtech"," KNU",0.015625
"705","PRISM"," KNU",0
"706","Privat Bank"," KNU",0
"707","ProCredit Bank"," KNU",0
"708","Rvuzov"," KNU",0.015625
"709","Samsung"," KNU",0
"710","SoftServe"," KNU",0.015625
"711","Some"," KNU",0
"712","Taltek"," KNU",0
"713","Tartu"," KNU",0
"714","Terrasoft"," KNU",0
"715","Theorem"," KNU",0.015625
"716","TNS"," KNU",0.015625
"717","Ubisoft"," KNU",0.046875
"718","Viasoft Ltd"," KNU",0
"719","Vlasov"," KNU",0
"720","WinInteractive"," KNU",0
"721","4A Games"," KNU CS",0
"722","Agralp"," KNU CS",0
"723","Akvelon"," KNU CS",0
"724","Alpha Bank"," KNU CS",0
"725","Appko"," KNU CS",0
"726","Ciklum"," KNU CS",0
"727","Cogniance"," KNU CS",0
"728","EPAM"," KNU CS",0
"729","Freelancer"," KNU CS",0
"730","GlobalLogic"," KNU CS",0
"731","Indigo"," KNU CS",0
"732","Iteazer"," KNU CS",0
"733","Lesoft"," KNU CS",0
"734","LLC"," KNU CS",0
"735","Lohika"," KNU CS",0
"736","Luxoft"," KNU CS",0
"737","Microsoft"," KNU CS",0.015625
"738","Mirantis"," KNU CS",0
"739","MMCIS"," KNU CS",0
"740","NAS"," KNU CS",0
"741","NBU"," KNU CS",0
"742","NefteGaz"," KNU CS",0
"743","Oracle"," KNU CS",0
"744","Playtech"," KNU CS",0
"745","PRISM"," KNU CS",0
"746","Privat Bank"," KNU CS",0
"747","ProCredit Bank"," KNU CS",0
"748","Rvuzov"," KNU CS",0
"749","Samsung"," KNU CS",0
"750","SoftServe"," KNU CS",0
"751","Some"," KNU CS",0
"752","Taltek"," KNU CS",0
"753","Tartu"," KNU CS",0
"754","Terrasoft"," KNU CS",0
"755","Theorem"," KNU CS",0.015625
"756","TNS"," KNU CS",0
"757","Ubisoft"," KNU CS",0.015625
"758","Viasoft Ltd"," KNU CS",0
"759","Vlasov"," KNU CS",0
"760","WinInteractive"," KNU CS",0
"761","4A Games"," KNU Economical",0
"762","Agralp"," KNU Economical",0
"763","Akvelon"," KNU Economical",0
"764","Alpha Bank"," KNU Economical",0
"765","Appko"," KNU Economical",0
"766","Ciklum"," KNU Economical",0
"767","Cogniance"," KNU Economical",0
"768","EPAM"," KNU Economical",0
"769","Freelancer"," KNU Economical",0
"770","GlobalLogic"," KNU Economical",0
"771","Indigo"," KNU Economical",0
"772","Iteazer"," KNU Economical",0
"773","Lesoft"," KNU Economical",0
"774","LLC"," KNU Economical",0
"775","Lohika"," KNU Economical",0
"776","Luxoft"," KNU Economical",0
"777","Microsoft"," KNU Economical",0
"778","Mirantis"," KNU Economical",0
"779","MMCIS"," KNU Economical",0
"780","NAS"," KNU Economical",0
"781","NBU"," KNU Economical",0
"782","NefteGaz"," KNU Economical",0
"783","Oracle"," KNU Economical",0
"784","Playtech"," KNU Economical",0
"785","PRISM"," KNU Economical",0
"786","Privat Bank"," KNU Economical",0
"787","ProCredit Bank"," KNU Economical",0.015625
"788","Rvuzov"," KNU Economical",0
"789","Samsung"," KNU Economical",0
"790","SoftServe"," KNU Economical",0
"791","Some"," KNU Economical",0
"792","Taltek"," KNU Economical",0
"793","Tartu"," KNU Economical",0
"794","Terrasoft"," KNU Economical",0
"795","Theorem"," KNU Economical",0
"796","TNS"," KNU Economical",0
"797","Ubisoft"," KNU Economical",0
"798","Viasoft Ltd"," KNU Economical",0
"799","Vlasov"," KNU Economical",0
"800","WinInteractive"," KNU Economical",0
"801","4A Games"," KNU Physical Department",0
"802","Agralp"," KNU Physical Department",0
"803","Akvelon"," KNU Physical Department",0
"804","Alpha Bank"," KNU Physical Department",0
"805","Appko"," KNU Physical Department",0
"806","Ciklum"," KNU Physical Department",0
"807","Cogniance"," KNU Physical Department",0
"808","EPAM"," KNU Physical Department",0
"809","Freelancer"," KNU Physical Department",0
"810","GlobalLogic"," KNU Physical Department",0
"811","Indigo"," KNU Physical Department",0
"812","Iteazer"," KNU Physical Department",0
"813","Lesoft"," KNU Physical Department",0
"814","LLC"," KNU Physical Department",0
"815","Lohika"," KNU Physical Department",0
"816","Luxoft"," KNU Physical Department",0
"817","Microsoft"," KNU Physical Department",0
"818","Mirantis"," KNU Physical Department",0
"819","MMCIS"," KNU Physical Department",0
"820","NAS"," KNU Physical Department",0
"821","NBU"," KNU Physical Department",0
"822","NefteGaz"," KNU Physical Department",0
"823","Oracle"," KNU Physical Department",0
"824","Playtech"," KNU Physical Department",0
"825","PRISM"," KNU Physical Department",0
"826","Privat Bank"," KNU Physical Department",0
"827","ProCredit Bank"," KNU Physical Department",0
"828","Rvuzov"," KNU Physical Department",0
"829","Samsung"," KNU Physical Department",0
"830","SoftServe"," KNU Physical Department",0.015625
"831","Some"," KNU Physical Department",0
"832","Taltek"," KNU Physical Department",0
"833","Tartu"," KNU Physical Department",0
"834","Terrasoft"," KNU Physical Department",0
"835","Theorem"," KNU Physical Department",0
"836","TNS"," KNU Physical Department",0
"837","Ubisoft"," KNU Physical Department",0
"838","Viasoft Ltd"," KNU Physical Department",0
"839","Vlasov"," KNU Physical Department",0
"840","WinInteractive"," KNU Physical Department",0
"841","4A Games"," KPI",0
"842","Agralp"," KPI",0
"843","Akvelon"," KPI",0
"844","Alpha Bank"," KPI",0
"845","Appko"," KPI",0
"846","Ciklum"," KPI",0.015625
"847","Cogniance"," KPI",0
"848","EPAM"," KPI",0
"849","Freelancer"," KPI",0
"850","GlobalLogic"," KPI",0
"851","Indigo"," KPI",0
"852","Iteazer"," KPI",0
"853","Lesoft"," KPI",0
"854","LLC"," KPI",0
"855","Lohika"," KPI",0
"856","Luxoft"," KPI",0.046875
"857","Microsoft"," KPI",0
"858","Mirantis"," KPI",0
"859","MMCIS"," KPI",0
"860","NAS"," KPI",0
"861","NBU"," KPI",0
"862","NefteGaz"," KPI",0
"863","Oracle"," KPI",0
"864","Playtech"," KPI",0
"865","PRISM"," KPI",0.015625
"866","Privat Bank"," KPI",0
"867","ProCredit Bank"," KPI",0
"868","Rvuzov"," KPI",0
"869","Samsung"," KPI",0.015625
"870","SoftServe"," KPI",0
"871","Some"," KPI",0.015625
"872","Taltek"," KPI",0
"873","Tartu"," KPI",0
"874","Terrasoft"," KPI",0
"875","Theorem"," KPI",0
"876","TNS"," KPI",0
"877","Ubisoft"," KPI",0.046875
"878","Viasoft Ltd"," KPI",0
"879","Vlasov"," KPI",0
"880","WinInteractive"," KPI",0
"881","4A Games"," KPI FIOT",0
"882","Agralp"," KPI FIOT",0
"883","Akvelon"," KPI FIOT",0
"884","Alpha Bank"," KPI FIOT",0
"885","Appko"," KPI FIOT",0
"886","Ciklum"," KPI FIOT",0
"887","Cogniance"," KPI FIOT",0
"888","EPAM"," KPI FIOT",0
"889","Freelancer"," KPI FIOT",0
"890","GlobalLogic"," KPI FIOT",0
"891","Indigo"," KPI FIOT",0
"892","Iteazer"," KPI FIOT",0
"893","Lesoft"," KPI FIOT",0
"894","LLC"," KPI FIOT",0
"895","Lohika"," KPI FIOT",0
"896","Luxoft"," KPI FIOT",0
"897","Microsoft"," KPI FIOT",0
"898","Mirantis"," KPI FIOT",0
"899","MMCIS"," KPI FIOT",0
"900","NAS"," KPI FIOT",0
"901","NBU"," KPI FIOT",0
"902","NefteGaz"," KPI FIOT",0
"903","Oracle"," KPI FIOT",0
"904","Playtech"," KPI FIOT",0
"905","PRISM"," KPI FIOT",0
"906","Privat Bank"," KPI FIOT",0
"907","ProCredit Bank"," KPI FIOT",0
"908","Rvuzov"," KPI FIOT",0
"909","Samsung"," KPI FIOT",0
"910","SoftServe"," KPI FIOT",0.03125
"911","Some"," KPI FIOT",0
"912","Taltek"," KPI FIOT",0
"913","Tartu"," KPI FIOT",0
"914","Terrasoft"," KPI FIOT",0
"915","Theorem"," KPI FIOT",0
"916","TNS"," KPI FIOT",0
"917","Ubisoft"," KPI FIOT",0
"918","Viasoft Ltd"," KPI FIOT",0
"919","Vlasov"," KPI FIOT",0
"920","WinInteractive"," KPI FIOT",0
"921","4A Games"," NAS",0
"922","Agralp"," NAS",0
"923","Akvelon"," NAS",0
"924","Alpha Bank"," NAS",0
"925","Appko"," NAS",0
"926","Ciklum"," NAS",0
"927","Cogniance"," NAS",0
"928","EPAM"," NAS",0
"929","Freelancer"," NAS",0
"930","GlobalLogic"," NAS",0
"931","Indigo"," NAS",0
"932","Iteazer"," NAS",0
"933","Lesoft"," NAS",0
"934","LLC"," NAS",0
"935","Lohika"," NAS",0
"936","Luxoft"," NAS",0
"937","Microsoft"," NAS",0
"938","Mirantis"," NAS",0
"939","MMCIS"," NAS",0
"940","NAS"," NAS",0
"941","NBU"," NAS",0.015625
"942","NefteGaz"," NAS",0
"943","Oracle"," NAS",0
"944","Playtech"," NAS",0
"945","PRISM"," NAS",0
"946","Privat Bank"," NAS",0
"947","ProCredit Bank"," NAS",0
"948","Rvuzov"," NAS",0
"949","Samsung"," NAS",0
"950","SoftServe"," NAS",0
"951","Some"," NAS",0
"952","Taltek"," NAS",0
"953","Tartu"," NAS",0
"954","Terrasoft"," NAS",0
"955","Theorem"," NAS",0
"956","TNS"," NAS",0
"957","Ubisoft"," NAS",0
"958","Viasoft Ltd"," NAS",0
"959","Vlasov"," NAS",0
"960","WinInteractive"," NAS",0
"961","4A Games"," NAU",0
"962","Agralp"," NAU",0
"963","Akvelon"," NAU",0
"964","Alpha Bank"," NAU",0
"965","Appko"," NAU",0
"966","Ciklum"," NAU",0
"967","Cogniance"," NAU",0
"968","EPAM"," NAU",0
"969","Freelancer"," NAU",0
"970","GlobalLogic"," NAU",0
"971","Indigo"," NAU",0
"972","Iteazer"," NAU",0
"973","Lesoft"," NAU",0
"974","LLC"," NAU",0
"975","Lohika"," NAU",0
"976","Luxoft"," NAU",0
"977","Microsoft"," NAU",0
"978","Mirantis"," NAU",0
"979","MMCIS"," NAU",0
"980","NAS"," NAU",0
"981","NBU"," NAU",0
"982","NefteGaz"," NAU",0
"983","Oracle"," NAU",0
"984","Playtech"," NAU",0
"985","PRISM"," NAU",0
"986","Privat Bank"," NAU",0
"987","ProCredit Bank"," NAU",0
"988","Rvuzov"," NAU",0
"989","Samsung"," NAU",0
"990","SoftServe"," NAU",0
"991","Some"," NAU",0
"992","Taltek"," NAU",0.015625
"993","Tartu"," NAU",0
"994","Terrasoft"," NAU",0
"995","Theorem"," NAU",0
"996","TNS"," NAU",0
"997","Ubisoft"," NAU",0
"998","Viasoft Ltd"," NAU",0
"999","Vlasov"," NAU",0
"1000","WinInteractive"," NAU",0
"1001","4A Games"," Oregon State University",0
"1002","Agralp"," Oregon State University",0
"1003","Akvelon"," Oregon State University",0
"1004","Alpha Bank"," Oregon State University",0
"1005","Appko"," Oregon State University",0
"1006","Ciklum"," Oregon State University",0.015625
"1007","Cogniance"," Oregon State University",0
"1008","EPAM"," Oregon State University",0
"1009","Freelancer"," Oregon State University",0
"1010","GlobalLogic"," Oregon State University",0
"1011","Indigo"," Oregon State University",0
"1012","Iteazer"," Oregon State University",0
"1013","Lesoft"," Oregon State University",0
"1014","LLC"," Oregon State University",0
"1015","Lohika"," Oregon State University",0
"1016","Luxoft"," Oregon State University",0
"1017","Microsoft"," Oregon State University",0
"1018","Mirantis"," Oregon State University",0
"1019","MMCIS"," Oregon State University",0
"1020","NAS"," Oregon State University",0
"1021","NBU"," Oregon State University",0
"1022","NefteGaz"," Oregon State University",0
"1023","Oracle"," Oregon State University",0
"1024","Playtech"," Oregon State University",0
"1025","PRISM"," Oregon State University",0
"1026","Privat Bank"," Oregon State University",0
"1027","ProCredit Bank"," Oregon State University",0
"1028","Rvuzov"," Oregon State University",0
"1029","Samsung"," Oregon State University",0
"1030","SoftServe"," Oregon State University",0
"1031","Some"," Oregon State University",0
"1032","Taltek"," Oregon State University",0
"1033","Tartu"," Oregon State University",0
"1034","Terrasoft"," Oregon State University",0
"1035","Theorem"," Oregon State University",0
"1036","TNS"," Oregon State University",0
"1037","Ubisoft"," Oregon State University",0
"1038","Viasoft Ltd"," Oregon State University",0
"1039","Vlasov"," Oregon State University",0
"1040","WinInteractive"," Oregon State University",0
"1041","4A Games"," Paris Graduate School of Management",0
"1042","Agralp"," Paris Graduate School of Management",0
"1043","Akvelon"," Paris Graduate School of Management",0
"1044","Alpha Bank"," Paris Graduate School of Management",0
"1045","Appko"," Paris Graduate School of Management",0
"1046","Ciklum"," Paris Graduate School of Management",0
"1047","Cogniance"," Paris Graduate School of Management",0
"1048","EPAM"," Paris Graduate School of Management",0
"1049","Freelancer"," Paris Graduate School of Management",0
"1050","GlobalLogic"," Paris Graduate School of Management",0
"1051","Indigo"," Paris Graduate School of Management",0
"1052","Iteazer"," Paris Graduate School of Management",0
"1053","Lesoft"," Paris Graduate School of Management",0
"1054","LLC"," Paris Graduate School of Management",0
"1055","Lohika"," Paris Graduate School of Management",0
"1056","Luxoft"," Paris Graduate School of Management",0.015625
"1057","Microsoft"," Paris Graduate School of Management",0
"1058","Mirantis"," Paris Graduate School of Management",0
"1059","MMCIS"," Paris Graduate School of Management",0
"1060","NAS"," Paris Graduate School of Management",0
"1061","NBU"," Paris Graduate School of Management",0
"1062","NefteGaz"," Paris Graduate School of Management",0
"1063","Oracle"," Paris Graduate School of Management",0
"1064","Playtech"," Paris Graduate School of Management",0
"1065","PRISM"," Paris Graduate School of Management",0
"1066","Privat Bank"," Paris Graduate School of Management",0
"1067","ProCredit Bank"," Paris Graduate School of Management",0
"1068","Rvuzov"," Paris Graduate School of Management",0
"1069","Samsung"," Paris Graduate School of Management",0
"1070","SoftServe"," Paris Graduate School of Management",0
"1071","Some"," Paris Graduate School of Management",0
"1072","Taltek"," Paris Graduate School of Management",0
"1073","Tartu"," Paris Graduate School of Management",0
"1074","Terrasoft"," Paris Graduate School of Management",0
"1075","Theorem"," Paris Graduate School of Management",0
"1076","TNS"," Paris Graduate School of Management",0
"1077","Ubisoft"," Paris Graduate School of Management",0
"1078","Viasoft Ltd"," Paris Graduate School of Management",0
"1079","Vlasov"," Paris Graduate School of Management",0
"1080","WinInteractive"," Paris Graduate School of Management",0
"1081","4A Games"," State University of Telecommunication",0
"1082","Agralp"," State University of Telecommunication",0
"1083","Akvelon"," State University of Telecommunication",0
"1084","Alpha Bank"," State University of Telecommunication",0
"1085","Appko"," State University of Telecommunication",0
"1086","Ciklum"," State University of Telecommunication",0
"1087","Cogniance"," State University of Telecommunication",0
"1088","EPAM"," State University of Telecommunication",0
"1089","Freelancer"," State University of Telecommunication",0
"1090","GlobalLogic"," State University of Telecommunication",0
"1091","Indigo"," State University of Telecommunication",0
"1092","Iteazer"," State University of Telecommunication",0
"1093","Lesoft"," State University of Telecommunication",0
"1094","LLC"," State University of Telecommunication",0
"1095","Lohika"," State University of Telecommunication",0.015625
"1096","Luxoft"," State University of Telecommunication",0
"1097","Microsoft"," State University of Telecommunication",0
"1098","Mirantis"," State University of Telecommunication",0
"1099","MMCIS"," State University of Telecommunication",0
"1100","NAS"," State University of Telecommunication",0
"1101","NBU"," State University of Telecommunication",0
"1102","NefteGaz"," State University of Telecommunication",0
"1103","Oracle"," State University of Telecommunication",0
"1104","Playtech"," State University of Telecommunication",0
"1105","PRISM"," State University of Telecommunication",0
"1106","Privat Bank"," State University of Telecommunication",0
"1107","ProCredit Bank"," State University of Telecommunication",0
"1108","Rvuzov"," State University of Telecommunication",0
"1109","Samsung"," State University of Telecommunication",0
"1110","SoftServe"," State University of Telecommunication",0
"1111","Some"," State University of Telecommunication",0
"1112","Taltek"," State University of Telecommunication",0
"1113","Tartu"," State University of Telecommunication",0
"1114","Terrasoft"," State University of Telecommunication",0
"1115","Theorem"," State University of Telecommunication",0
"1116","TNS"," State University of Telecommunication",0
"1117","Ubisoft"," State University of Telecommunication",0
"1118","Viasoft Ltd"," State University of Telecommunication",0
"1119","Vlasov"," State University of Telecommunication",0
"1120","WinInteractive"," State University of Telecommunication",0
"1121","4A Games"," Tartu University",0
"1122","Agralp"," Tartu University",0
"1123","Akvelon"," Tartu University",0
"1124","Alpha Bank"," Tartu University",0
"1125","Appko"," Tartu University",0
"1126","Ciklum"," Tartu University",0
"1127","Cogniance"," Tartu University",0
"1128","EPAM"," Tartu University",0
"1129","Freelancer"," Tartu University",0
"1130","GlobalLogic"," Tartu University",0
"1131","Indigo"," Tartu University",0
"1132","Iteazer"," Tartu University",0
"1133","Lesoft"," Tartu University",0
"1134","LLC"," Tartu University",0
"1135","Lohika"," Tartu University",0
"1136","Luxoft"," Tartu University",0
"1137","Microsoft"," Tartu University",0
"1138","Mirantis"," Tartu University",0
"1139","MMCIS"," Tartu University",0
"1140","NAS"," Tartu University",0
"1141","NBU"," Tartu University",0
"1142","NefteGaz"," Tartu University",0
"1143","Oracle"," Tartu University",0
"1144","Playtech"," Tartu University",0
"1145","PRISM"," Tartu University",0
"1146","Privat Bank"," Tartu University",0
"1147","ProCredit Bank"," Tartu University",0
"1148","Rvuzov"," Tartu University",0
"1149","Samsung"," Tartu University",0
"1150","SoftServe"," Tartu University",0
"1151","Some"," Tartu University",0
"1152","Taltek"," Tartu University",0
"1153","Tartu"," Tartu University",0.015625
"1154","Terrasoft"," Tartu University",0
"1155","Theorem"," Tartu University",0
"1156","TNS"," Tartu University",0
"1157","Ubisoft"," Tartu University",0
"1158","Viasoft Ltd"," Tartu University",0
"1159","Vlasov"," Tartu University",0
"1160","WinInteractive"," Tartu University",0
"1161","4A Games"," Ukrainian State University of Chemical Technology",0
"1162","Agralp"," Ukrainian State University of Chemical Technology",0.015625
"1163","Akvelon"," Ukrainian State University of Chemical Technology",0
"1164","Alpha Bank"," Ukrainian State University of Chemical Technology",0
"1165","Appko"," Ukrainian State University of Chemical Technology",0
"1166","Ciklum"," Ukrainian State University of Chemical Technology",0
"1167","Cogniance"," Ukrainian State University of Chemical Technology",0
"1168","EPAM"," Ukrainian State University of Chemical Technology",0
"1169","Freelancer"," Ukrainian State University of Chemical Technology",0
"1170","GlobalLogic"," Ukrainian State University of Chemical Technology",0
"1171","Indigo"," Ukrainian State University of Chemical Technology",0
"1172","Iteazer"," Ukrainian State University of Chemical Technology",0
"1173","Lesoft"," Ukrainian State University of Chemical Technology",0
"1174","LLC"," Ukrainian State University of Chemical Technology",0
"1175","Lohika"," Ukrainian State University of Chemical Technology",0
"1176","Luxoft"," Ukrainian State University of Chemical Technology",0
"1177","Microsoft"," Ukrainian State University of Chemical Technology",0
"1178","Mirantis"," Ukrainian State University of Chemical Technology",0
"1179","MMCIS"," Ukrainian State University of Chemical Technology",0
"1180","NAS"," Ukrainian State University of Chemical Technology",0
"1181","NBU"," Ukrainian State University of Chemical Technology",0
"1182","NefteGaz"," Ukrainian State University of Chemical Technology",0
"1183","Oracle"," Ukrainian State University of Chemical Technology",0
"1184","Playtech"," Ukrainian State University of Chemical Technology",0
"1185","PRISM"," Ukrainian State University of Chemical Technology",0
"1186","Privat Bank"," Ukrainian State University of Chemical Technology",0
"1187","ProCredit Bank"," Ukrainian State University of Chemical Technology",0
"1188","Rvuzov"," Ukrainian State University of Chemical Technology",0
"1189","Samsung"," Ukrainian State University of Chemical Technology",0
"1190","SoftServe"," Ukrainian State University of Chemical Technology",0
"1191","Some"," Ukrainian State University of Chemical Technology",0
"1192","Taltek"," Ukrainian State University of Chemical Technology",0
"1193","Tartu"," Ukrainian State University of Chemical Technology",0
"1194","Terrasoft"," Ukrainian State University of Chemical Technology",0
"1195","Theorem"," Ukrainian State University of Chemical Technology",0
"1196","TNS"," Ukrainian State University of Chemical Technology",0
"1197","Ubisoft"," Ukrainian State University of Chemical Technology",0
"1198","Viasoft Ltd"," Ukrainian State University of Chemical Technology",0
"1199","Vlasov"," Ukrainian State University of Chemical Technology",0
"1200","WinInteractive"," Ukrainian State University of Chemical Technology",0
"1201","4A Games"," Ukrainian State University of WMNRA",0
"1202","Agralp"," Ukrainian State University of WMNRA",0
"1203","Akvelon"," Ukrainian State University of WMNRA",0
"1204","Alpha Bank"," Ukrainian State University of WMNRA",0
"1205","Appko"," Ukrainian State University of WMNRA",0
"1206","Ciklum"," Ukrainian State University of WMNRA",0
"1207","Cogniance"," Ukrainian State University of WMNRA",0
"1208","EPAM"," Ukrainian State University of WMNRA",0.015625
"1209","Freelancer"," Ukrainian State University of WMNRA",0
"1210","GlobalLogic"," Ukrainian State University of WMNRA",0
"1211","Indigo"," Ukrainian State University of WMNRA",0
"1212","Iteazer"," Ukrainian State University of WMNRA",0
"1213","Lesoft"," Ukrainian State University of WMNRA",0
"1214","LLC"," Ukrainian State University of WMNRA",0
"1215","Lohika"," Ukrainian State University of WMNRA",0
"1216","Luxoft"," Ukrainian State University of WMNRA",0
"1217","Microsoft"," Ukrainian State University of WMNRA",0
"1218","Mirantis"," Ukrainian State University of WMNRA",0
"1219","MMCIS"," Ukrainian State University of WMNRA",0
"1220","NAS"," Ukrainian State University of WMNRA",0
"1221","NBU"," Ukrainian State University of WMNRA",0
"1222","NefteGaz"," Ukrainian State University of WMNRA",0
"1223","Oracle"," Ukrainian State University of WMNRA",0
"1224","Playtech"," Ukrainian State University of WMNRA",0
"1225","PRISM"," Ukrainian State University of WMNRA",0
"1226","Privat Bank"," Ukrainian State University of WMNRA",0
"1227","ProCredit Bank"," Ukrainian State University of WMNRA",0
"1228","Rvuzov"," Ukrainian State University of WMNRA",0
"1229","Samsung"," Ukrainian State University of WMNRA",0
"1230","SoftServe"," Ukrainian State University of WMNRA",0
"1231","Some"," Ukrainian State University of WMNRA",0
"1232","Taltek"," Ukrainian State University of WMNRA",0
"1233","Tartu"," Ukrainian State University of WMNRA",0
"1234","Terrasoft"," Ukrainian State University of WMNRA",0
"1235","Theorem"," Ukrainian State University of WMNRA",0
"1236","TNS"," Ukrainian State University of WMNRA",0
"1237","Ubisoft"," Ukrainian State University of WMNRA",0
"1238","Viasoft Ltd"," Ukrainian State University of WMNRA",0
"1239","Vlasov"," Ukrainian State University of WMNRA",0
"1240","WinInteractive"," Ukrainian State University of WMNRA",0
"1241","4A Games"," Universidad Autonoma de Barcelona",0
"1242","Agralp"," Universidad Autonoma de Barcelona",0
"1243","Akvelon"," Universidad Autonoma de Barcelona",0
"1244","Alpha Bank"," Universidad Autonoma de Barcelona",0
"1245","Appko"," Universidad Autonoma de Barcelona",0
"1246","Ciklum"," Universidad Autonoma de Barcelona",0
"1247","Cogniance"," Universidad Autonoma de Barcelona",0
"1248","EPAM"," Universidad Autonoma de Barcelona",0
"1249","Freelancer"," Universidad Autonoma de Barcelona",0
"1250","GlobalLogic"," Universidad Autonoma de Barcelona",0
"1251","Indigo"," Universidad Autonoma de Barcelona",0
"1252","Iteazer"," Universidad Autonoma de Barcelona",0
"1253","Lesoft"," Universidad Autonoma de Barcelona",0.015625
"1254","LLC"," Universidad Autonoma de Barcelona",0
"1255","Lohika"," Universidad Autonoma de Barcelona",0
"1256","Luxoft"," Universidad Autonoma de Barcelona",0
"1257","Microsoft"," Universidad Autonoma de Barcelona",0
"1258","Mirantis"," Universidad Autonoma de Barcelona",0
"1259","MMCIS"," Universidad Autonoma de Barcelona",0
"1260","NAS"," Universidad Autonoma de Barcelona",0
"1261","NBU"," Universidad Autonoma de Barcelona",0
"1262","NefteGaz"," Universidad Autonoma de Barcelona",0
"1263","Oracle"," Universidad Autonoma de Barcelona",0
"1264","Playtech"," Universidad Autonoma de Barcelona",0
"1265","PRISM"," Universidad Autonoma de Barcelona",0
"1266","Privat Bank"," Universidad Autonoma de Barcelona",0
"1267","ProCredit Bank"," Universidad Autonoma de Barcelona",0
"1268","Rvuzov"," Universidad Autonoma de Barcelona",0
"1269","Samsung"," Universidad Autonoma de Barcelona",0
"1270","SoftServe"," Universidad Autonoma de Barcelona",0
"1271","Some"," Universidad Autonoma de Barcelona",0
"1272","Taltek"," Universidad Autonoma de Barcelona",0
"1273","Tartu"," Universidad Autonoma de Barcelona",0
"1274","Terrasoft"," Universidad Autonoma de Barcelona",0
"1275","Theorem"," Universidad Autonoma de Barcelona",0
"1276","TNS"," Universidad Autonoma de Barcelona",0
"1277","Ubisoft"," Universidad Autonoma de Barcelona",0
"1278","Viasoft Ltd"," Universidad Autonoma de Barcelona",0
"1279","Vlasov"," Universidad Autonoma de Barcelona",0
"1280","WinInteractive"," Universidad Autonoma de Barcelona",0
"1281","4A Games"," Vinnytsya NTU",0
"1282","Agralp"," Vinnytsya NTU",0
"1283","Akvelon"," Vinnytsya NTU",0
"1284","Alpha Bank"," Vinnytsya NTU",0
"1285","Appko"," Vinnytsya NTU",0
"1286","Ciklum"," Vinnytsya NTU",0
"1287","Cogniance"," Vinnytsya NTU",0
"1288","EPAM"," Vinnytsya NTU",0
"1289","Freelancer"," Vinnytsya NTU",0
"1290","GlobalLogic"," Vinnytsya NTU",0
"1291","Indigo"," Vinnytsya NTU",0
"1292","Iteazer"," Vinnytsya NTU",0
"1293","Lesoft"," Vinnytsya NTU",0
"1294","LLC"," Vinnytsya NTU",0
"1295","Lohika"," Vinnytsya NTU",0
"1296","Luxoft"," Vinnytsya NTU",0
"1297","Microsoft"," Vinnytsya NTU",0
"1298","Mirantis"," Vinnytsya NTU",0
"1299","MMCIS"," Vinnytsya NTU",0
"1300","NAS"," Vinnytsya NTU",0
"1301","NBU"," Vinnytsya NTU",0
"1302","NefteGaz"," Vinnytsya NTU",0
"1303","Oracle"," Vinnytsya NTU",0
"1304","Playtech"," Vinnytsya NTU",0
"1305","PRISM"," Vinnytsya NTU",0
"1306","Privat Bank"," Vinnytsya NTU",0
"1307","ProCredit Bank"," Vinnytsya NTU",0
"1308","Rvuzov"," Vinnytsya NTU",0
"1309","Samsung"," Vinnytsya NTU",0
"1310","SoftServe"," Vinnytsya NTU",0
"1311","Some"," Vinnytsya NTU",0
"1312","Taltek"," Vinnytsya NTU",0
"1313","Tartu"," Vinnytsya NTU",0
"1314","Terrasoft"," Vinnytsya NTU",0
"1315","Theorem"," Vinnytsya NTU",0
"1316","TNS"," Vinnytsya NTU",0
"1317","Ubisoft"," Vinnytsya NTU",0
"1318","Viasoft Ltd"," Vinnytsya NTU",0
"1319","Vlasov"," Vinnytsya NTU",0.015625
"1320","WinInteractive"," Vinnytsya NTU",0.03125
"1321","4A Games"," Vinnytsya NTU CS",0
"1322","Agralp"," Vinnytsya NTU CS",0
"1323","Akvelon"," Vinnytsya NTU CS",0
"1324","Alpha Bank"," Vinnytsya NTU CS",0
"1325","Appko"," Vinnytsya NTU CS",0
"1326","Ciklum"," Vinnytsya NTU CS",0
"1327","Cogniance"," Vinnytsya NTU CS",0
"1328","EPAM"," Vinnytsya NTU CS",0
"1329","Freelancer"," Vinnytsya NTU CS",0
"1330","GlobalLogic"," Vinnytsya NTU CS",0
"1331","Indigo"," Vinnytsya NTU CS",0
"1332","Iteazer"," Vinnytsya NTU CS",0
"1333","Lesoft"," Vinnytsya NTU CS",0
"1334","LLC"," Vinnytsya NTU CS",0
"1335","Lohika"," Vinnytsya NTU CS",0
"1336","Luxoft"," Vinnytsya NTU CS",0
"1337","Microsoft"," Vinnytsya NTU CS",0
"1338","Mirantis"," Vinnytsya NTU CS",0
"1339","MMCIS"," Vinnytsya NTU CS",0
"1340","NAS"," Vinnytsya NTU CS",0
"1341","NBU"," Vinnytsya NTU CS",0
"1342","NefteGaz"," Vinnytsya NTU CS",0
"1343","Oracle"," Vinnytsya NTU CS",0
"1344","Playtech"," Vinnytsya NTU CS",0
"1345","PRISM"," Vinnytsya NTU CS",0
"1346","Privat Bank"," Vinnytsya NTU CS",0
"1347","ProCredit Bank"," Vinnytsya NTU CS",0
"1348","Rvuzov"," Vinnytsya NTU CS",0
"1349","Samsung"," Vinnytsya NTU CS",0
"1350","SoftServe"," Vinnytsya NTU CS",0
"1351","Some"," Vinnytsya NTU CS",0
"1352","Taltek"," Vinnytsya NTU CS",0
"1353","Tartu"," Vinnytsya NTU CS",0
"1354","Terrasoft"," Vinnytsya NTU CS",0
"1355","Theorem"," Vinnytsya NTU CS",0
"1356","TNS"," Vinnytsya NTU CS",0
"1357","Ubisoft"," Vinnytsya NTU CS",0
"1358","Viasoft Ltd"," Vinnytsya NTU CS",0.015625
"1359","Vlasov"," Vinnytsya NTU CS",0
"1360","WinInteractive"," Vinnytsya NTU CS",0
"1361","4A Games"," Vinnytsya NTU Management",0
"1362","Agralp"," Vinnytsya NTU Management",0
"1363","Akvelon"," Vinnytsya NTU Management",0
"1364","Alpha Bank"," Vinnytsya NTU Management",0
"1365","Appko"," Vinnytsya NTU Management",0
"1366","Ciklum"," Vinnytsya NTU Management",0
"1367","Cogniance"," Vinnytsya NTU Management",0
"1368","EPAM"," Vinnytsya NTU Management",0
"1369","Freelancer"," Vinnytsya NTU Management",0
"1370","GlobalLogic"," Vinnytsya NTU Management",0
"1371","Indigo"," Vinnytsya NTU Management",0.015625
"1372","Iteazer"," Vinnytsya NTU Management",0
"1373","Lesoft"," Vinnytsya NTU Management",0
"1374","LLC"," Vinnytsya NTU Management",0
"1375","Lohika"," Vinnytsya NTU Management",0
"1376","Luxoft"," Vinnytsya NTU Management",0
"1377","Microsoft"," Vinnytsya NTU Management",0
"1378","Mirantis"," Vinnytsya NTU Management",0
"1379","MMCIS"," Vinnytsya NTU Management",0
"1380","NAS"," Vinnytsya NTU Management",0
"1381","NBU"," Vinnytsya NTU Management",0
"1382","NefteGaz"," Vinnytsya NTU Management",0
"1383","Oracle"," Vinnytsya NTU Management",0
"1384","Playtech"," Vinnytsya NTU Management",0
"1385","PRISM"," Vinnytsya NTU Management",0
"1386","Privat Bank"," Vinnytsya NTU Management",0
"1387","ProCredit Bank"," Vinnytsya NTU Management",0
"1388","Rvuzov"," Vinnytsya NTU Management",0
"1389","Samsung"," Vinnytsya NTU Management",0
"1390","SoftServe"," Vinnytsya NTU Management",0
"1391","Some"," Vinnytsya NTU Management",0
"1392","Taltek"," Vinnytsya NTU Management",0
"1393","Tartu"," Vinnytsya NTU Management",0
"1394","Terrasoft"," Vinnytsya NTU Management",0
"1395","Theorem"," Vinnytsya NTU Management",0
"1396","TNS"," Vinnytsya NTU Management",0
"1397","Ubisoft"," Vinnytsya NTU Management",0
"1398","Viasoft Ltd"," Vinnytsya NTU Management",0
"1399","Vlasov"," Vinnytsya NTU Management",0
"1400","WinInteractive"," Vinnytsya NTU Management",0
"1401","4A Games"," Vinnytsya Ped University",0
"1402","Agralp"," Vinnytsya Ped University",0
"1403","Akvelon"," Vinnytsya Ped University",0
"1404","Alpha Bank"," Vinnytsya Ped University",0
"1405","Appko"," Vinnytsya Ped University",0
"1406","Ciklum"," Vinnytsya Ped University",0
"1407","Cogniance"," Vinnytsya Ped University",0
"1408","EPAM"," Vinnytsya Ped University",0.015625
"1409","Freelancer"," Vinnytsya Ped University",0
"1410","GlobalLogic"," Vinnytsya Ped University",0
"1411","Indigo"," Vinnytsya Ped University",0
"1412","Iteazer"," Vinnytsya Ped University",0
"1413","Lesoft"," Vinnytsya Ped University",0
"1414","LLC"," Vinnytsya Ped University",0
"1415","Lohika"," Vinnytsya Ped University",0
"1416","Luxoft"," Vinnytsya Ped University",0
"1417","Microsoft"," Vinnytsya Ped University",0
"1418","Mirantis"," Vinnytsya Ped University",0
"1419","MMCIS"," Vinnytsya Ped University",0
"1420","NAS"," Vinnytsya Ped University",0
"1421","NBU"," Vinnytsya Ped University",0
"1422","NefteGaz"," Vinnytsya Ped University",0
"1423","Oracle"," Vinnytsya Ped University",0
"1424","Playtech"," Vinnytsya Ped University",0
"1425","PRISM"," Vinnytsya Ped University",0
"1426","Privat Bank"," Vinnytsya Ped University",0
"1427","ProCredit Bank"," Vinnytsya Ped University",0
"1428","Rvuzov"," Vinnytsya Ped University",0
"1429","Samsung"," Vinnytsya Ped University",0
"1430","SoftServe"," Vinnytsya Ped University",0
"1431","Some"," Vinnytsya Ped University",0
"1432","Taltek"," Vinnytsya Ped University",0
"1433","Tartu"," Vinnytsya Ped University",0
"1434","Terrasoft"," Vinnytsya Ped University",0
"1435","Theorem"," Vinnytsya Ped University",0
"1436","TNS"," Vinnytsya Ped University",0
"1437","Ubisoft"," Vinnytsya Ped University",0
"1438","Viasoft Ltd"," Vinnytsya Ped University",0
"1439","Vlasov"," Vinnytsya Ped University",0
"1440","WinInteractive"," Vinnytsya Ped University",0
